<!--
  ~  Licensed to the Apache Software Foundation (ASF) under one
  ~  or more contributor license agreements.  See the NOTICE file
  ~  distributed with this work for additional information
  ~  regarding copyright ownership.  The ASF licenses this file
  ~  to you under the Apache License, Version 2.0 (the
  ~  "License"); you may not use this file except in compliance
  ~  with the License.  You may obtain a copy of the License at
  ~
  ~   http://www.apache.org/licenses/LICENSE-2.0
  ~
  ~  Unless required by applicable law or agreed to in writing,
  ~  software distributed under the License is distributed on an
  ~   * "AS IS" BASIS, WITHOUT WARRANTIES OR CONDITIONS OF ANY
  ~  KIND, either express or implied.  See the License for the
  ~  specific language governing permissions and limitations
  ~  under the License.
  -->

<serviceGroup>
<service name="SecureBankingService" scope="application">
  <module ref="rampart"/>
	<messageReceivers>
		<messageReceiver mep="http://www.w3.org/ns/wsdl/in-only" 
				class="org.apache.axis2.rpc.receivers.RPCInOnlyMessageReceiver" />
		<messageReceiver mep="http://www.w3.org/ns/wsdl/in-out"
				class="org.apache.axis2.rpc.receivers.RPCMessageReceiver" />
	</messageReceivers>
	<parameter locked="false" name="ServiceClass">samples.services.SecureBankingService</parameter>

   <wsp:Policy xmlns:wsp="http://schemas.xmlsoap.org/ws/2004/09/policy" xmlns:wsu="http://docs.oasis-open.org/wss/2004/01/oasis-200401-wss-wssecurity-utility-1.0.xsd" wsu:Id="UsernameToken">
      <wsp:ExactlyOne>
        <wsp:All>
          <sp:SupportingTokens
              xmlns:sp="http://docs.oasis-open.org/ws-sx/ws-securitypolicy/200702">
            <wsp:Policy>
              <sp:UsernameToken
                  sp:IncludeToken="http://docs.oasis-open.org/ws-sx/ws-securitypolicy/200702/IncludeToken/AlwaysToRecipient">
                <wsp:Policy>
                  <sp:HashPassword/>
                </wsp:Policy>
              </sp:UsernameToken>
            </wsp:Policy>
          </sp:SupportingTokens>
 
          <ramp:RampartConfig xmlns:ramp="http://ws.apache.org/rampart/policy">
            <ramp:passwordCallbackClass>samples.userguide.SecureBankingPWCallback</ramp:passwordCallbackClass>
          </ramp:RampartConfig>
 
        </wsp:All>
      </wsp:ExactlyOne>
    </wsp:Policy>

    <!-- <wsp:Policy wsu:Id="UsernameTokenPolicy" xmlns:wsp="http://www.w3.org/ns/ws-policy" xmlns:wsu="http://docs.oasis-open.org/wss/2004/01/oasis-200401-wss-wssecurity-utility-1.0.xsd">
      <sp:SupportingTokens xmlns:sp="http://docs.oasis-open.org/ws-sx/ws-securitypolicy/200702">
        <wsp:Policy>
          <sp:UsernameToken sp:IncludeToken="http://docs.oasis-open.org/ws-sx/ws-securitypolicy/200702/IncludeToken/AlwaysToRecipient">
              <wsp:Policy>
                  <sp:WssUsernameToken11 />
              </wsp:Policy>
          </sp:UsernameToken>
        </wsp:Policy>
      </sp:SupportingTokens>
      <wsss:ValidatorConfiguration wspp:visibility="private" xmlns:wsss="http://schemas.sun.com/2006/03/wss/server" xmlns:wspp="http://java.sun.com/xml/ns/wsit/policy">
        <wsss:Validator name="usernameValidator" classname="samples.userguide.SecureBankingPWCallback"/>
      </wsss:ValidatorConfiguration>
    </wsp:Policy> -->

</service>
</serviceGroup>